,Name,Medals
0,Mariya Vasilyevna Abakumova (-Tarabina),1
1,Gezahgne Abera,1
2,Elvan Abeylegesse,1
3,Valerie Kasanita Adams-Vili (-Price),3
4,Derrick Ralph Adkins,1
5,"Olabisi ""Bisi"" Afolabi",1
6,Mobolade Abimbola Ajomale,1
7,Chioma Ajunwa (-Opara),1
8,Morolake Akinosun,1
9,Hadi Soua'an Al-Somaily Jaadan,1
10,Virgilijus Alekna,3
11,Nia Sifaatihii Ali,1
12,Deji Aliu,1
13,Ade Franci Alleyne-Forte,1
14,Glory Alozie Oluchi,1
15,Nijel Carlos Amilfitano Amos,1
16,Andrea Arlene Anderson (-Bolder),1
17,Vladimir Vasilyevich Andreyev,1
18,Olena Anatolivna Antonova,1
19,Nataliya Nikolayevna Antyukh,4
20,Eref Apak,1
21,Hirooki Arai,1
22,Yuko Arimori (-Wilson),1
23,Aaron Nigel Armstrong,1
24,Dylan Armstrong,1
25,Christine Arron,1
26,Nobuharu Asahara,1
27,"Geraldina Rachel ""Dina"" Asher-Smith",1
28,Nickel Ashmeade,1
29,Sofia Assefa Abebe,1
30,Igor Vyacheslavovich Astapkovich,1
31,Musa Audu,1
32,Charles Allen Austin,1
33,Nduka Awazie,1
34,Almaz Ayana Eba,2
35,Sanjay Claude Ayre,1
36,Mehdi Abdelhafid Baala,1
37,Jaroslav Bba,1
38,Inha Alvidasivna Babakova (Butkus-),1
39,"Stephen James ""Steve"" Backley",2
40,Sunday Bada,1
41,Oleksandr Mykolaiovych Bahach,1
42,Aleen May Bailey,1
43,Donovan Bailey,2
44,Kemar Bailey-Cole,2
45,"Andretti ""Dretti"" Bain",1
46,Keshia Chantay Baker (-Kirtz),1
47,Niki Bakogianni,1
48,Stefano Baldini,1
49,"Eric Randolph ""Randy"" Barnes",1
50,Brigetta LaShea Barrett,1
51,"Jennifer Mae ""Jenny"" Barringer-Simpson",1
52,Yarelis Barrios Castaeda,1
53,Erick Bernab Barrondo Garca,1
54,Mutaz Essa Barshim,2
55,Dimitri David Bascou,1
56,"Jane Kimberley ""Kim"" Batten",1
57,"James Steven ""Jamie"" Baulch (Mills-)",1
58,James Charles Beckford,1
59,Violeta Beclea-Szekely,1
60,Ruth Beita Vila,1
61,Kenenisa Bekele Beyecha,4
62,Tariku Bekele Beyecha,1
63,Hasna Benhassi,2
64,Kajsa Margareta Bergqvist (-Herngren-),1
65,Nezha Bidouane,1
66,Michael Allen Oswald Bingham,1
67,Dane Alex Bird-Smith,1
68,Paul Ezekiel Bitok,1
69,Roger Anthony Black,2
70,Michael Blackwood,1
71,Dennis Anthony Blake,1
72,Yohan Blake,4
73,Keston Bledman,2
74,Wilson Boit Kipketer,1
75,Ato Jabari Boldon,4
76,Usain St. Leo Bolt,8
77,Bohdan Viktorovych Bondarenko,1
78,Valeriy Viktorovich Borchin,1
79,Olivia Borle,1
80,Yury Mikhaylovich Borzakovsky,1
81,Khalid Boulami,1
82,"Frentorish ""Tori"" Bowie",3
83,Thiago Braz da Silva,1
84,Grit Breuer (-Springstein),1
85,Derrick Keith Brew,2
86,"Kenneth L. ""Kenny"" Brokenburr",1
87,Aaron Brown,1
88,"Christopher Deon ""Chris"" Brown",4
89,Stephanie Karenmonica Brown-Trafton,1
90,Ivano Brugnetti,1
91,Roberta Brunet,1
92,Yelyzaveta Viktorivna Bryzhina,1
93,Tonja Yvette Buford-Bailey,1
94,Brigita Bukovec,1
95,Gamze Bulut,1
96,Wilfred Kipkemboi Bungei,1
97,Michelle Burgher,2
98,Daniil Sergeyevich Burkenya,1
99,Marc Burns,2
100,Frank Busemann,1
101,Denia Caballero Ponce,1
102,Fermn Cacho Ruiz,1
103,Cai Zelin,1
104,Asl akr (-Alptekin),1
105,Emmanuel Earl Callender,2
106,Schillonie Calvert,1
107,"Asuka Antonio ""Aska"" Cambridge",1
108,Ibrahim Camejo Savas,1
109,Darren Andrew Campbell,2
110,Veronica Angella Campbell-Brown,8
111,Christian Cantwell,1
112,Michelle Denee Carter,1
113,Nesta Carter,1
114,Kristi Castlin,1
115,"Matthew Gerald ""Matt"" Centrowitz, Jr.",1
116,Jolanda eplak (Steblovnik-),1
117,Jos ngel Csar Delgado,1
118,Carlton Chambers,1
119,Paul Kipkemboi Chelimo,1
120,Chen Ding,1
121,Joyce Chepchumba Koech,1
122,Yuliya Igorevna Chermoshanskaya,1
123,Tatyana Sergeyevna Chernova,2
124,Vivian Jepkemoi Cheruiyot,4
125,Anna Vladimirovna Chicherova,2
126,Eilidh Child-Doyle,1
127,Clement Chukwu,1
128,Maria Cioncan,1
129,Davian Dessaline Clarke,1
130,Eldece Clarke-Lewis,2
131,Bryan Ezra Tsumoru Clay,2
132,"William Bundu ""Will"" Claye",3
133,Kerron Stephon Clement,3
134,Kyle Clemons,1
135,Emma Jane Coburn,1
136,LaTasha Lavon Colander-Richardson (-Clark),1
137,Yasmani Copello Escobar,1
138,Shawn Crawford,3
139,Yunaika Crawford Rogert,1
140,Mark James Crear,2
141,Ryan Crouser,1
142,Javier Culson Prez,1
143,Yumileidi Cumb Jay,1
144,Juliet Jean Cuthbert,1
145,Andr Domingos da Silva,2
146,Arnaldo de Oliveira da Silva,1
147,Claudinei Quirino da Silva,1
148,Rbson Caetano da Silva,1
149,"Natasha De'Anka ""Tasha"" Danvers (-Smith-)",1
150,Calvin B. Davis,1
151,Pauline Elaine Davis-Thompson,3
152,Nadia Davy,1
153,Christine Day,2
154,Bruno Lins Tenrio de Barros,1
155,Andre De Grasse,3
156,Vanderlei Cordeiro de Lima,1
157,Vicente Lenlson de Lima,2
158,Nathan Douglas Deakes,1
159,Lance Earl Deal,1
160,Meseret Defar Tola,3
161,"Cynthia ""Janay"" DeLoach (-Soukup)",1
162,Mirela Krasimirova Demireva,1
163,Lashinda Monique Demus,1
164,Yolanda Gail L. Devers (-Roberts),2
165,"Khrysopigi ""Pigi"" Devetzi",2
166,Marlon Ronald Devonish,1
167,Vadim Anatolyevich Devyatovsky,1
168,Emily Jane Diamond,1
169,Ejegayehu Dibaba Keneni,1
170,Genzebe Dibaba Keneni,1
171,Mare Dibaba Hurssa (-Ibrahimova-),1
172,Tirunesh Dibaba Keneni,6
173,Constantina Di-Tomescu,1
174,Walter Dix,2
175,Diamond Brittany Dixon,1
176,Nataliya Volodymyrivna Dobrynska,1
177,Fabrizio Donato,1
178,Dong Bin,1
179,"Stacy Rene Dragila (Mikaelsen-, -Waltz)",1
180,Heike Gabriela Drechsler (Daute-),1
181,Deena Michelle Drossin-Kastor,1
182,Derek Drouin,2
183,"Jonathan A. ""Jon"" Drummond",2
184,Vladimir Vladimirovich Dubrovshchik,1
185,Fitzroy Junior Dunkley,1
186,Tom Dvok,1
187,"Patrick ""Pat"" Dwyer",1
188,Ashton James Eaton,2
189,Jonathan David Edwards,2
190,Torri Mechelle Edwards,1
191,Aaron Egbele,1
192,Hicham El Guerrouj,3
193,Taylor Ellis-Watson,1
194,Uchenna Emedolu,1
195,Jessica Phyllis Ennis-Hill,2
196,Robert Esmie,1
197,Nelson vora,1
198,Ali Ezzine,1
199,Simone Facey,1
200,Aigars Fadejevs,1
201,"Mohamed Muktar Jama ""Mo"" Farah",4
202,Olusoji Adetokumbo Fasuba,1
203,Aleksandra Andreyevna Fedoriva,1
204,Allyson Michelle Felix,9
205,Sylviane Flix,1
206,Svetlana Yevgenyevna Feofanova,2
207,"Deborah ""Debbie"" Ferguson-McKenzie",3
208,Francisco Javier Fernndez Pelez,1
209,Tatyana Pavlovna Firova,3
210,Shalane Flanagan (-Edwards),1
211,Vala R. Flosadttir,1
212,Shashalee Forbes,1
213,Hyleas Christine Fountain,1
214,Javon Francis,1
215,Phyllis Chanez Francis,1
216,Shelly-Ann Fraser-Pryce,6
217,Michael Audley Frater,1
218,Merlene Frazer,1
219,"Frank ""Frankie"" Fredericks",2
220,"Catherine Astrid Salome ""Cathy"" Freeman",2
221,Michelle Freeman,1
222,Savatheda Fynes,2
223,Olga Olegovna Fyodorova-Stulneva,1
224,Fidelis Gadzama,1
225,Chryste Dionne Gaines,2
226,Jean Galfione,1
227,Anier Octavio Garca Ortz,2
228,Ivn Garca Snchez,1
229,Yoel Garca Luis,1
230,Jason John Gardener,1
231,Steven Gardiner,1
232,English Gardner,1
233,Justin Alexander Gatlin,5
234,Dejen Gebremeskel,1
235,Hagos Gebrhiwet Berhe,1
236,Haile Gebrselassie,2
237,Erba Tiki Gelana,1
238,Kim Gevaert,1
239,Jaouad Gharib,1
240,Habiba Al-Ghribi-Boudra,1
241,Giuseppe Gibilisco,1
242,Glenroy John Gilbert,1
243,Patricia Girard-Lno,1
244,John Carl Godina,2
245,Svetlana Valentinovna Goncharenko (Doronina-),1
246,Gong Lijiao,1
247,Mara Guadalupe Gonzlez Romero,1
248,Chrisann Gordon,1
249,Lalonde Keida Gordon,2
250,"Robert Karl ""Robbie"" Grabarz",1
251,"Stephanie ""Steffi"" Graf (-Zitny)",1
252,"Kimberly Elaine ""Kim"" Graham (-Miller)",1
253,Lorraine Graham (-Fenton),2
254,"Joseph Tilford Lee ""Joe"" Greene",1
255,Maurice Greene,4
256,Tatiana Grigorieva,1
257,Ana Gabriela Guevara Espinoza,1
258,Carlette Denise Guidry-White (-Falkquay),1
259,Yuliya Aleksandrovna Gushchina,3
260,Ehsan Haddadi,1
261,Arman Hall,1
262,Abderrahmane Hammad Zaheer,1
263,"James Edward ""Trey"" Hardee, III",1
264,"Timothy M. ""Tim"" Harden",1
265,Arsi Ilari Harju,1
266,"Dawn Harper (-Everhart, -Nelson)",2
267,"Otis Harris, Jr.",2
268,Alvin Leonardo Harrison,2
269,"Kerry Lorenzo ""Kenny"" Harrison",1
270,Christoph Harting,1
271,Robert Harting,1
272,Natasha Monique Hastings,2
273,"Gregory ""Greg"" Haughton",3
274,Joanna Dove Hayes,1
275,Akeem Haynes,1
276,Betty Heidler,1
277,Zuzana Hejnov,1
278,Tia Hellebaut (Van Haver-),1
279,"Matthew E. ""Matt"" Hemingway",1
280,Deon Marie Hemmings,3
281,"Jeffrey ""Jeff"" Henderson",1
282,Monique Marie Henderson,2
283,Monique Hennagan,2
284,Desiree Latifah N. Henry,1
285,Samantha Henry-Robinson,1
286,Llewellyn George Herbert,1
287,No Hernndez Valentn,1
288,Clinton Rory Hill,1
289,Salah Hissou,1
290,Sophie Hitchon,1
291,Michael Reese Hoffa,1
292,Stefan Christian Holm,1
293,Kelly Holmes,3
294,Raphael Marcel Holzdeppe,1
295,"Steven Leslie ""Steve"" Hooker",1
296,Olena Ivanivna Hovorova,1
297,Charmaine L. Howell,1
298,"Christopher Allen ""Chris"" Huffins",1
299,Muriel Hurtis-Houairi,1
300,Mark David Hylton,1
301,Nick E. Hysong,1
302,Caterine Ibargn Mena,2
303,Ene Franca Idoko (-Isaac),1
304,Phillips Olaosebikan Idowu,1
305,Reda Abdalaati Iguider,1
306,Shota Iizuka,1
307,Yelena Gadzhiyevna Isinbayeva,3
308,Ismail Ahmed Ismail,1
309,Halimat Oyinoza Ismaila,1
310,Nataliya Nikolayevna Ivanova,1
311,Olimpiada Vladimirovna Ivanova,1
312,Bershawn D. Jackson,1
313,Shericka Jackson,2
314,Evan Reese Jager,1
315,Maryam Yusuf Jamal,1
316,Godday James,1
317,Kirani James,2
318,Daniel Jasinski,1
319,Kameradin Susanthika Jayasinghe,1
320,Ruth Jebet,1
321,Pamela Jelimo (Chelimo),1
322,Eunice Jepkorir Kertich,1
323,Janeth Jepkosgei Busienei,1
324,Priscah Jeptoo (-Chepsirut),1
325,Carmelita Jeter,3
326,Allen Kenneth Johnson,1
327,Lawrence Clayton Johnson,1
328,Michael Duane Johnson,3
329,Sheena Johnson-Tosta,1
330,"Marion Lois Jones (-Hunter, -Montgomery, -Thompson)",1
331,"Jacqueline ""Jackie"" Joyner-Kersee",1
332,Davis Kamoga,1
333,Olga Nikolayevna Kaniskina,2
334,Gerd Kanter,2
335,Anastasiya Aleksandrovna Kapachinskaya,2
336,Vasily Borisovich Kaptyukh,1
337,Denis Viktorovich Kapustin,1
338,Dmitry Vasilyevich Karpov,1
339,rka Kaprkov,1
340,Tsegaye Kebede Wordofa,1
341,"Mebrahtom R. ""Meb"" Keflezighi",1
342,Naman Keta (Benzama-),1
343,Anastasia Kelesidou,2
344,Gloria E. Kemasuode (-Ubiebor),1
345,Ezekiel Kemboi Cheboi,2
346,Sam Kendricks,1
347,"Konstantinos ""Kostas"" Kenteris",1
348,Joseph Keter,1
349,Irina Sergeyevna Khabarova,1
350,Fani Khalkia,1
351,Nataliya Valeryevna Khoronenko-Mikhnevich,1
352,Irina Aleksandrovna Khudoroshkina,1
353,Faith Chepngetich Kibiegon,1
354,Maria Theresia Kiesl (Stbich-),1
355,Eliud Kipchoge,3
356,Wilson Kosgei Kipketer,2
357,Stephen Arusei Kipkorir Anyim,1
358,Asbel Kipruto Kiprop,1
359,Stephen Kiprotich,1
360,Wilson Kipsang Kiprotich,1
361,Brimin Kiprop (Firmin-) Kipruto,2
362,Conseslus Kipruto,1
363,Moses Kipkore Kiptanui,1
364,Sally Jepkosgei Kipyego,1
365,Sergey Aleksandrovich Kirdyapkin,1
366,Abel Kirui,1
367,Eunice Jepkirui Kirwa,1
368,Yoshihide Kiryu,1
369,Linda Kisabaka (-Iwan),1
370,Balzs Kiss,1
371,Timothy Kitum,1
372,Hyvin Kiyeng Jepkemoi,1
373,Nadine Kleinert-Schmitt,1
374,Carolina Evelyn Klft,1
375,Sergey Petrovich Klyugin,1
376,Bianca Knight,1
377,Paul Kipsiele Koech,1
378,Micah Kemboi Kogo,1
379,Sara Kolak,1
380,Yevgeniya Nikolayevna Kolodko,1
381,Pauline Konga,1
382,Robert Marek Korzeniowski,4
383,Reuben Seroney Kosgei,1
384,"Stefka Georgieva Kostadinova (-Petrova, -Popovasileva)",1
385,Olga Ivanovna Kotlyarova,1
386,Tatyana Vladimirovna Kotova,2
387,"Joseph Mathias ""Joe"" Kovacs",1
388,Zoltn Kvg,1
389,Ainrs Kovals,1
390,Primo Kozmus,2
391,Olesya Aleksandrovna Krasnomovets (-Forsheva),1
392,Andrey Sergeyevich Kravchenko,1
393,"Inesa Mykolavna Kravets (Shuliak-, -Izvachuk)",1
394,Antonina Vladimirovna Krivoshapka,1
395,Frantz Kruger,1
396,Larisa Nikolayevna Kruglova,1
397,Oleksandr Volodymyrovych Krykun,1
398,Astrid Kumbernuss,2
399,Olga Sergeyevna Kuzenkova,2
400,"Erik Kynard, Jr.",1
401,Du'aine Ladejo (Thorne-),1
402,Bernard Kipchirchir Lagat,2
403,Brahim Lahlafi,1
404,Alessandro Lambruschini,1
405,Nancy Jebet Langat,1
406,Yelena Anatolyevna Lashmanova,1
407,Inna Aleksandrovna Lasovskaya,1
408,Renaud Lavillenie,2
409,Tayna Lawrence,3
410,Tatyana Romanovna Lebedeva,5
411,Lee Bong-Ju,1
412,Christophe Alexandre Christian Lematre,2
413,Deon Christopher Lendore,1
414,Brian M. Lewis,1
415,"Frederick Carlton ""Carl"" Lewis",1
416,Denise Lewis,2
417,Mark Anthony Lewis-Francis,1
418,Li Yanfeng,1
419,Feyisa Lilesa,1
420,Iryna Anatolivna Lishchynska (Nedelenko-),1
421,Lyudmila Anatolyevna Litvinova,1
422,Liu Hong,1
423,Liu Xiang,1
424,Andria Lloyd,1
425,Shereefa Lloyd,2
426,Thomas Pkemei Longosiwa,1
427,Priscilla Lopes-Schliep,1
428,Lu Xiuzhi,1
429,Yevgeniy Yuryevich Lukyanenko,1
430,Tatyana Viktorovna Lysenko (-Beloborodova),1
431,"Timothy ""Tim"" Mack",1
432,Tianna Madison-Bartoletta,3
433,Maurren Higa Maggi,1
434,Tomasz Majewski,2
435,Sergey Aleksandrovich Makarov,2
436,Taoufik Makhloufi,3
437,"Maicel Donee Malone (-Wallace, -Trapp)",1
438,"Ronell Joshua ""Josh"" Mance",1
439,Vronique Mang,1
440,Mirela Maniani-Tzelili,2
441,"Leonel Ernesto ""Leo"" Manzano",1
442,Hanna Emilie Marin,1
443,Tereza Moncheva Marinova,1
444,Ilya Vladislavovich Markov,1
445,"Michael Lawrence ""Mike"" Marsh",1
446,Roxbert Martin,1
447,Joan Lino Martnez Armenteros,1
448,Manuel Martnez Gutirrez,1
449,Anita Mrton,1
450,Germaine Mason,1
451,Valent Massana Gracia,1
452,Kelly Massey,1
453,Svetlana Aleksandrovna Masterkova,2
454,Richard Kipkemboi Mateelong,1
455,Samuel Matete,1
456,Michael Walter Mathieu,3
457,Peter Matthews,1
458,Fiona Winsome Marcia May (-Iapichino),2
459,Anthuan Maybank,1
460,Kvin Mayer,1
461,Freddy Santiago Mayola Fernndez,1
462,Piotr Maachowski,2
463,Franoise Mbango Etone,2
464,Eliza McCartney,1
465,Francena Lynette McCorory,2
466,Beverly McDonald (-Stewart),3
467,Michael L. McDonald,2
468,Rusheen McDonald,1
469,Danny D. McFarlane,2
470,Troy McIntosh,1
471,Anneisha McLaughlin-Whilby,1
472,Sally McLellan-Pearson,2
473,Louise McPaul-Currey,1
474,Stephenie Ann McPherson,1
475,Tony McQuay,2
476,Mahiedine Mekhissi-Benabbad,3
477,Osleidys Menndez Sez,2
478,Oksana Vladimirovna Menkova,1
479,Nouria Mrah-Benida,1
480,Aries D'Andre Merritt,1
481,LaShawn Merritt,4
482,Katharine Merry,1
483,Assefa Mezgebu,1
484,Yelena Sergeyevna Migunova,1
485,Jearl Atawa Miles-Clark,2
486,Coby Miller,1
487,Inger Z. Miller,1
488,Ramon Salomon Miller,2
489,Shaunae Miller (-Uibo),1
490,Derek Bruce Mills,1
491,Jevaughn Minzie,1
492,Dennis Allen Mitchell,1
493,Manteo Mitchell,1
494,Nikole Alangia Mitchell,1
495,John Moffitt,1
496,Godfrey Khotso Mokoena,1
497,Avard Moncur,2
498,"Timothy ""Tim"" Montgomery",2
499,Jude Monye,1
500,Noureddine Morceli,1
501,Jos Carlos Gomes Moreira,1
502,Yipsi Moreno Gonzlez,2
503,Sandi Morris,1
504,Melissa Renee Morrison (-Howard),2
505,Dalilah Muhammad,1
506,Mbulaeni Tongai Mulaudzi,1
507,Kirsten Mnchow (-Klose-),1
508,"Timothy Alexander ""Tim"" Munnings",1
509,Koji Alexander Murofushi,2
510,Clayton Murphy,1
511,Oana Manuela Muunoi-Pantelimon,1
512,Abel Kiprop Mutai,1
513,Maria de Lurdes Mutola,2
514,Ludmila Viktorovna Narozhilenko-Engquist (Leonova-),1
515,Dilshod Nazarov,1
516,Nataliya Viktorovna Nazarova,3
517,"Wincatherine Nyambura ""Catherine"" Ndereba",2
518,Daryll Saskia Neita,1
519,Bryshon Lorenzo Nellum,1
520,Adam McCright Nelson,2
521,"Stefanie ""Steffi"" Nerius",1
522,Yuliya Viktorovna Nesterenko (Bartsevich-),1
523,David Neville,2
524,Stephen Newbold,1
525,Noah Kiprono Ngeny,1
526,Yelena Nikolayevna Nikolayeva (Kuznetsova-),1
527,Vnuste Niyongabo,1
528,Francine Niyonsaba,1
529,Denis Gennadyevich Nizhegorodov,2
530,Mizuki Noguchi,1
531,Erki Nool,1
532,Wojciech Nowicki,1
533,"Daniel Dion ""Dan"" O'Brien",1
534,Christina Obergfll,2
535,Francis Obiorah Obikwelu,1
536,Hellen Onsando Obiri,1
537,Isabella Bosibori Ochichi,1
538,Falilat Ogunkoya (-Osheku),2
539,Christine Ijeoma Chika Ohuruogu,3
540,Blessing Okagbare (-Ighoteguonor),1
541,Courtney Okolo,1
542,"Carl Oliver, Jr.",1
543,David Oliver,1
544,Joachim Brchner Olsen,1
545,John Christian Bert Olsson,1
546,"Nwanyika Jenete C. ""Anyika"" Onuora",1
547,"Nkemdilim ""Mary"" Onyali-Omagbemi",1
548,"Fredrick Momanyi ""Fred"" Onyancha",1
549,Charity Opara (-Asonze),1
550,Marian Oprea,1
551,Mark Sebastian Clive Ormrod,1
552,Orlando Ortega Alejo,1
553,Sonia O'Sullivan,1
554,"Oludamola Bolanle ""Damola"" Osayomi",1
555,Agnes Osazuwa (-Olatunji),1
556,Nadezhda Nikolayevna Ostapchuk,1
557,Merlene Joyce Ottey-Page,5
558,Bjrn Otto,1
559,lodie Oudraogo,1
560,Olena Anatolivna Ovcharova-Krasovska,1
561,Hansle George Parchment,1
562,Krisztin Pars,1
563,Artur Jerzy Partyka,1
564,Darvis Darell Patton,1
565,David Thorn Payne,1
566,Ivn Lzaro Pedroso Soler,1
567,Larisa Aleksandrovna Peleshenko (Agapova-),1
568,Marie-Jos Juliana Prec (Hontas-),2
569,Jefferson Leonardo Prez Quezada,2
570,Luis Alberto Prez Rionda,1
571,Sandra Perkovi,2
572,Elisabetta Perrone,1
573,Nanceen Lavern Perry,1
574,Pierre-Alexis Pessonneaux,1
575,Tatyana Valeryevna Petrova-Arkhipova,1
576,Asha Solette Philip,1
577,Dwight D. Phillips,1
578,Oleksandr Serhiyovych P'iatnytsia,1
579,Demetrius Rashad Pinder,1
580,Darya Vitalyevna Pishchalnikova,1
581,Tero Kristian Pitkmki,1
582,Ronald Pognon,1
583,Yekaterina Ivanovna Poistogova (Zavyalova-),1
584,Yevgeniya Yevgeniyevna Polyakova,1
585,Catherine Pomales-Scott (Blackwood-),1
586,Vra Pospilov-Cechlov,1
587,Olesia Ivanivna Povkh,1
588,Asafa Kehine Powell,1
589,Irina Anatolyevna Privalova (Sergeyeva-),2
590,Yelena Vladimirovna Prokhorova,1
591,Yanina Dislavovna Provalinskaya-Karolchik,1
592,Qieyang Shenjie,1
593,Yoelbi Luis Quesada Fernndez,1
594,Ana Fidelia Quirot Mor,1
595,Heli Orvokki Rantanen,1
596,Seppo Henrik Rty,1
597,Brittney Davon Reese,2
598,Edson Luciano Ribeiro,2
599,Maria Fernanda Moreira Ribeiro,2
600,"Alexandra Angela ""Sandie"" Richards",2
601,Sanya Richards-Ross,5
602,Jason Alexander Richardson,1
603,Mark Ashton Richardson,1
604,Passion J. Richardson,1
605,Lars Peter Riedel,2
606,Mariya Vitalivna Riemien,1
607,Elisa Rigaudo,1
608,Fatuma Roba,1
609,Mlina Robert-Michon,1
610,Gil Roberts,1
611,Garth Barrington Robinson,1
612,Moushaumi Robinson,1
613,Dayron Robles Planes,1
614,Andrew Rock,1
615,Vebjrn Rodal,1
616,Brendon Rodney,1
617,Anna Rogowska,1
618,Uta Rohlnder (-Fromm),1
619,Thomas Rhler,1
620,Yulimar del Valle Rojas Rodrguez,1
621,Brianna Rollins,1
622,Martyn Joseph Rooney,1
623,Jason Rouser,1
624,Anja Rcker,1
625,David Lekuta Rudisha,2
626,Galen Rupp,2
627,Alonzo Russell,1
628,Gillian Claire Russell (-Love),1
629,"Gregory James ""Greg"" Rutherford",2
630,Antti Hermanni Ruuskanen,1
631,Yaroslav Vladimirovich Rybakov,1
632,Olga Sergeyevna Rypakova (Alekseyeva-),2
633,Nataliya Ivanovna Sadova (Kaptyukh-),2
634,Assa Djabir Sad-Guerni,1
635,Ali Sadi-Sief,1
636,Irving Jahir Saladino Arana,1
637,Olha Valerivna Saladukha (-Kostyuk),1
638,Gulnara Iskanderovna Samitova-Galkina,1
639,Flix Snchez Marcelo,2
640,Joel Snchez Guerrero,1
641,Leevan Sands,1
642,Lugueln Miguel Santos Aquino,1
643,Jane Kara Saville (-White),1
644,Mariya Sergeyevna Savinova (-Farnosova),1
645,"Nataliya Vyacheslavovna ""Natasha"" Sazanovich",2
646,Dafne Schippers,1
647,Nils Schumann,1
648,Florian Schwarthoff,1
649,Lilli Schwarzkopf,1
650,Alex Schwazer,1
651,Roman ebrle,2
652,Bernardo Segura Rivera,1
653,Mokgadi Caster Semenya,2
654,Hezekiel Sello Sepeng,1
655,Mikhail Anatolyevich Shchennikov,1
656,Roman Anatoliyovych Shchurenko,1
657,Olga Vasilyevna Shishigina (-Kutsakova),1
658,Svetlana Vladimirovna Shkolina,1
659,Ghada Shouaa,1
660,Si Tianfeng,1
661,Sileshi Mekuria Sihine,2
662,Andrey Aleksandrovich Silnov,1
663,Rui Manuel Monteiro da Silva,1
664,Yarisley Silva Rodrguez,1
665,Irina Alekseyevna Simagina (-Meleshina),1
666,Lidia Elena imon (Slvueanu-),1
667,Sherone Anmarica Simpson,3
668,Kamila Skolimowska,1
669,Austra Skujyt,1
670,Yelena Vladimirovna Slesarenko (Sivushenko-),1
671,Sara Slott-Bruun Petersen,1
672,LaMont Smith,1
673,Ronetta Jamilah Smith,1
674,"James Stephenson ""Steve"" Smith",1
675,Edwin Cheruiyot Soi,1
676,Yelena Aleksandrovna Sokolova (Kremnyova-),1
677,"Elsa Katrine ""Trine"" Solberg-Hattestad",2
678,Jarrin Solomon,1
679,Kelly Jade Sotherton,1
680,Yuliya Vladimirovna Sotnikova,1
681,Javier Sotomayor Sanabria,1
682,Cludio Roberto de Sousa,1
683,Ivana panovi,1
684,Ashley Spencer,1
685,Barbora potkov,3
686,Linda Stahl,1
687,Andrew Steele,1
688,"Aikaterini ""Ekaterini"" Stefanidi",1
689,John William Steffensen,1
690,Rochelle Stevens,1
691,Toby Lynn Stevenson,1
692,Kerron Stewart,3
693,"Viktoriya Ivanivna ""Vita"" Stopina",1
694,Hestrie Storbeck-Cloete (-Els),2
695,David Storl,1
696,"Jennifer ""Jenn"" Stuczynski-Suhr",2
697,Chandra Lavon Sturrup,2
698,Khrystyna Petrivna Stuy,1
699,Leonel Surez Fajardo,2
700,Shingo Suetsugu,1
701,Sui Xinmei,1
702,Jemima Jelagat Sumgong,1
703,Bruny Surin,1
704,Gabriela Szabo (-Gyngyssy),3
705,Yuliya Gennadyevna Tabakova (-Bubnenkova),1
706,Zersenay Tadesse Habtesilase,1
707,Naoko Takahashi,1
708,Shinji Takahira,1
709,Jared Tallent,4
710,Aleksander Tammert,1
711,Paul Kipngetich Tanui,1
712,Maksim Vladimirovich Tarasov,1
713,Ionela Trlea-Manolache,1
714,Jeneba Sylvia Tarmoh,1
715,Jai Desmond Taurima,1
716,"Angelo F. Taylor, Jr.",4
717,Christian Taylor,2
718,Tetiana Viktorivna Tereshchuk-Antypova,1
719,Paul Kibii Tergat,2
720,Aikaterini Thanou,1
721,Brianne Theisen-Eaton,1
722,"Nafissatou ""Nafi"" Thiam",1
723,Iwan Gwyn Thomas,1
724,Elaine Thompson,3
725,Obadele Olutosin Thompson,1
726,Richard Thompson,3
727,Andreas Thorkildsen,2
728,Josia Thugwane,1
729,Ivan Grigoryevich Tikhon,2
730,Michael DeLorean Tinsley,1
731,Andrej Tiwontschik,1
732,Nataliya Viktorivna Tobias (Sydorenko-),1
733,"Robert John ""Rob"" Tobin",1
734,Tamirat Tola Abera,1
735,Tesfaye Tola,1
736,Tatyana Ivanovna Tomashova,1
737,"Gwendolyn Lenna ""Gwen"" Torrence (-Waller, -Smith)",2
738,Matej Tth,1
739,Terrence R. Trammell,2
740,Igor Leonidovich Trandenkov,1
741,"De'Hashia Tonnek ""DeeDee"" Trotter",3
742,Athanasia Tsoumeleka,1
743,Naoki Tsukahara,1
744,Derartu Tulu,2
745,Boniface Mucheru Tumuti,1
746,Kjersti Tysse-Pltzer,2
747,Enee Enefiok Udo-Obong,2
748,Ivan Sergeyevich Ukhov,1
749,Wayde van Niekerk,1
750,Mara del Monte Vasc Pes Gallardo,1
751,Vadims Vasievskis,1
752,David Verburg,1
753,Tatyana Leonidovna Veshkurova,1
754,Sandro Ricardo Rodrigues Viana,1
755,Jimmy Vicaut,1
756,Sunette Stella Viljoen,1
757,Nicola Vizzoni,1
758,Blanka Vlai,2
759,Yekaterina Gennadyevna Volkova (-Mastrova),1
760,Aleksey Nikolayevich Voyevodin,1
761,Erick Wainaina,2
762,Keshorn Walcott,2
763,Melaine Antoinette Walker,1
764,"Tomas ""Tom"" Walsh",1
765,"Getenesh ""Gete"" Wami Degife",3
766,Wang Junxia,2
767,Wang Liping,1
768,Wang Yan,1
769,Wang Zhen,2
770,"Samuel Kamau ""Sammy"" Wanjiru",1
771,Jeremy Matthew Wariner,4
772,Damian Warner,1
773,"Mitchell ""Mitch"" Watt",1
774,Saul Weigopwa,1
775,Warren Antonio Weir,1
776,Kellie Wells,1
777,Rosemarie Whyte,2
778,Andrae Williams,1
779,"Christopher A. ""Chris"" Williams",1
780,Christania Williams,1
781,Lauryn Chenet Williams,2
782,Shericka Nicola Williams,3
783,"Bernard Rollen Williams, III",2
784,Tonique Williams-Darling,1
785,Novlene Hilaire Williams-Mills,4
786,Darold Andre Williamson,1
787,Kelly Jeromy Willie,1
788,"Nicholas Ian ""Nick"" Willis",2
789,Linetta A. Wilson,1
790,Mary Wineberg (Danner-),1
791,"Reginald Edwin ""Regi"" Witherspoon",1
792,Anita Wodarczyk,2
793,Million Wolde,1
794,Ilke Wyludda,1
795,Xing Huina,1
796,Ryota Yamagata,1
797,Irina Vasilyevna Yatchenko,1
798,Alfred Kirwa Yego,1
799,Julius Kiplagat Yego,1
800,Valentina Mikhaylovna Yegorova (Vasilyeva-),1
801,Yelena Borisovna Yelesina,1
802,Denys Serhiyovych Yurchenko,1
803,Fatima Yusuf-Olukoju,1
804,"Yuliya Mikhaylovna Zaripova (Ivanova-, -Zarudneva-)",1
805,Jan elezn,2
806,Zhang Wenxiu,2
807,Zhou Chunxiu,1
808,Szymon Zikowski,1
809,Ellina Aleksandrovna Zvereva (Kisheyeva-),2
810,Olesya Nikolayevna Zykina,2
